{"root":[{"assemblyName":"Assembly-CSharp","nameSpace":"","className":"SROptions","methodName":"OnStartup","loadTypes":0,"isUnityClass":false},{"assemblyName":"PhotonRealtime","nameSpace":"Photon.Realtime","className":"ConnectionHandler","methodName":"StaticReset","loadTypes":4,"isUnityClass":false},{"assemblyName":"Unity.XR.Management","nameSpace":"UnityEngine.XR.Management","className":"XRGeneralSettings","methodName":"AttemptInitializeXRSDKOnLoad","loadTypes":2,"isUnityClass":true},{"assemblyName":"Unity.XR.Management","nameSpace":"UnityEngine.XR.Management","className":"XRGeneralSettings","methodName":"AttemptStartXRSDKOnBeforeSplashScreen","loadTypes":3,"isUnityClass":true},{"assemblyName":"StompyRobot.SRF","nameSpace":"SRF","className":"Hierarchy","methodName":"RuntimeInitialize","loadTypes":4,"isUnityClass":false},{"assemblyName":"StompyRobot.SRDebugger","nameSpace":"SRDebugger","className":"AutoInitialize","methodName":"OnLoadBeforeScene","loadTypes":4,"isUnityClass":false},{"assemblyName":"StompyRobot.SRDebugger","nameSpace":"SRDebugger","className":"AutoInitialize","methodName":"OnLoad","loadTypes":0,"isUnityClass":false}]}
